{
  "name": "showplace",
  "version": "1.0.0",
  "main": "index.ts",
  "scripts": {
    "start": "expo start",
    "android": "expo start --android",
    "ios": "expo start --ios",
    "web": "expo start --web"
  },
  "dependencies": {
    "@react-navigation/native": "^7.0.14",
    "@react-navigation/stack": "^7.1.1",
    "expo": "~52.0.37",
    "expo-status-bar": "~2.0.1",
    "react": "18.3.1",
    "react-native": "0.76.7",
    "react-native-gesture-handler": "~2.20.2",
    "react-native-reanimated": "~3.16.1",
    "react-native-safe-area-context": "4.12.0",
    "react-native-screens": "~4.4.0",
    "react-native-svg": "^15.8.0",
    "react-native-vector-icons": "^10.2.0"
  },
  "devDependencies": {
    "@babel/core": "^7.25.2",
    "@types/react": "~18.3.12",
    "typescript": "^5.3.3"
  },
  "private": true
}
